post_id,user_id,followers,post_type,likes,comments,shares,saves,views,watch_time,hashtags_count,caption_length,posted_hour,engagement_label
1,370,10017,image,3834,25,51,583,18443,42,9,165,16,1
2,392,3926,image,3227,189,548,888,10740,42,3,120,20,1
3,148,2747,image,2019,131,63,521,16188,10,8,20,19,1
4,117,15329,reel,10818,467,1688,1233,50793,60,8,64,9,1
5,270,18753,video,17990,1046,1807,3668,151888,42,4,39,14,1
6,234,15086,image,13384,587,2546,2002,34079,9,10,108,8,1
7,380,6039,image,2617,52,487,402,5737,59,3,64,16,1
8,341,8587,image,765,41,95,1,4595,27,1,82,1,1
9,102,6002,reel,1677,166,332,422,7269,47,1,160,1,1
10,256,1570,video,994,46,57,184,1879,20,3,192,20,1
11,220,15216,image,920,34,70,103,4166,47,1,64,6,0
12,365,1694,reel,1589,85,313,276,3889,26,6,154,14,1
13,252,592,reel,440,20,56,58,3221,30,10,149,16,1
14,155,9628,video,6770,123,680,621,46809,15,3,60,19,1
15,313,7537,video,1517,67,273,283,8931,5,8,126,19,1
16,119,15572,reel,5415,130,83,850,35860,55,3,135,13,1
17,299,17346,image,6955,124,277,159,43937,34,2,68,16,1
18,322,15512,image,13432,1317,978,1504,21910,35,9,155,15,1
19,240,13679,video,8704,209,458,1955,30532,29,10,37,2,1
20,100,5215,image,3795,363,245,748,21305,51,7,88,6,1
21,174,864,video,553,9,88,72,3890,11,3,184,16,1
22,129,1813,video,1708,93,73,479,6644,8,7,124,9,1
23,462,17231,reel,4267,323,4,1392,6100,46,6,92,8,1
24,383,7095,image,81,7,5,18,374,24,6,26,13,0
25,257,7025,reel,2221,167,345,217,17882,60,3,117,2,1
26,103,14085,video,3372,238,393,493,4125,51,4,147,10,1
27,386,2787,image,774,65,5,50,4484,52,10,175,14,1
28,372,3488,video,928,67,76,70,3420,9,6,146,6,1
29,193,12694,reel,7138,9,249,2235,20654,47,10,180,22,1
30,115,19332,image,17855,643,3349,3247,115386,21,2,147,20,1
31,354,19797,image,17452,1478,720,3822,145627,11,10,188,20,1
32,302,14471,reel,3273,118,577,158,5330,35,2,36,10,1
33,282,3999,image,3528,347,464,526,6178,37,6,135,7,1
34,363,7397,reel,4158,269,68,969,21503,42,5,132,10,1
35,340,14236,video,6372,159,315,150,53945,9,7,116,1,1
36,393,3315,image,480,12,80,76,1519,42,9,69,5,1
37,442,18011,image,10358,898,1018,949,12614,42,1,25,3,1
38,398,18120,image,14273,608,2828,4122,21577,13,5,132,20,1
39,341,16404,video,7263,360,914,1929,66311,49,4,72,13,1
40,175,5326,image,2831,108,421,688,23217,32,5,103,14,1
41,367,9483,video,3381,314,22,1070,29220,56,8,48,5,1
42,146,17579,video,1679,105,179,110,9392,26,2,149,1,1
43,293,907,image,379,24,31,22,3384,30,6,70,16,1
44,277,4678,image,818,60,131,51,6988,40,6,66,10,1
45,381,17099,reel,12593,1094,2451,1701,103472,38,5,195,16,1
46,398,5259,image,3878,271,149,638,8264,15,7,46,6,1
47,296,11474,video,10458,874,477,348,33177,57,5,44,7,1
48,253,12322,reel,7222,285,435,934,24784,36,5,91,9,1
49,209,9033,image,8755,821,1403,508,47633,59,8,119,14,1
50,125,16127,reel,7289,700,864,707,20757,29,5,38,2,1
51,442,15184,reel,11358,1051,447,289,66695,34,1,107,21,1
52,288,8924,reel,2211,201,61,145,3666,46,4,146,5,1
53,357,17479,image,299,23,25,28,1854,7,1,25,3,0
54,348,3240,image,1877,121,357,352,6785,5,9,133,12,1
55,360,9546,video,1099,42,2,233,8523,47,10,90,16,1
56,118,7935,reel,2474,55,134,700,14167,29,6,190,11,1
57,284,5403,image,1222,49,153,239,7967,52,10,97,13,1
58,264,10006,image,2623,200,498,841,23927,57,2,28,20,1
59,148,3488,image,1778,158,322,319,3643,42,5,170,5,1
60,363,5097,video,635,39,101,37,5006,7,4,35,0,1
61,431,11090,image,5184,221,983,1094,7885,54,6,43,8,1
62,450,9502,video,4050,213,604,142,16482,20,2,76,4,1
63,422,10190,video,6283,288,474,473,50650,41,6,155,4,1
64,145,19566,reel,17963,1753,146,3988,60371,20,1,66,20,1
65,252,5796,reel,3443,181,613,454,16948,15,4,187,17,1
66,478,18601,image,9854,685,1481,212,51723,41,9,167,12,1
67,471,2181,reel,138,7,17,46,1337,48,8,32,3,0
68,373,10113,image,1704,18,158,288,10469,18,8,141,12,1
69,437,10048,image,3924,122,63,1267,7398,11,7,80,16,1
70,399,6103,image,2240,115,201,162,8903,28,3,198,16,1
71,473,16533,reel,4268,66,750,138,9459,31,10,53,21,1
72,356,19453,image,12275,98,1314,2377,70290,20,9,134,16,1
73,450,4859,video,2661,257,196,587,22070,16,2,121,21,1
74,195,12756,image,7136,320,626,2276,12088,28,7,29,15,1
75,371,14343,reel,4630,401,583,246,5903,51,5,164,5,1
76,196,18639,video,11602,896,1036,3142,84457,36,9,149,4,1
77,378,18167,reel,1637,81,167,82,12097,59,10,136,1,1
78,221,4662,image,3312,329,642,228,29154,46,5,151,9,1
79,490,9525,reel,2527,203,501,117,9449,52,2,40,20,1
80,260,1609,image,240,21,10,80,2354,31,2,85,7,1
81,316,16693,image,2541,229,205,18,9601,16,3,116,20,1
82,199,18038,video,7673,656,1435,2086,60863,54,3,98,13,1
83,363,10840,video,9503,186,304,2814,70028,14,2,122,9,1
84,404,13964,video,6578,401,992,723,52314,12,6,51,0,1
85,194,7171,image,2201,168,234,305,3183,57,6,46,12,1
86,273,7080,image,61,6,6,18,412,12,1,39,7,0
87,462,19656,image,12663,722,1459,1946,38547,45,1,191,5,1
88,119,11798,image,10089,210,1687,734,45912,7,6,181,17,1
89,203,14553,reel,9192,34,1645,1465,61653,58,5,37,3,1
90,187,13788,video,12743,272,2090,3666,50112,39,2,149,12,1
91,215,1735,image,1119,32,8,270,5824,43,3,176,17,1
92,107,12994,video,12626,1081,1983,3995,40090,57,5,169,12,1
93,196,14618,reel,13929,1016,217,3343,86121,34,2,156,8,1
94,287,2440,reel,115,11,3,3,292,50,4,102,9,0
95,313,5302,image,1168,41,95,172,11022,60,7,100,1,1
96,259,1176,image,695,26,137,224,4488,59,1,162,20,1
97,246,4552,reel,2662,234,302,28,17702,52,9,75,3,1
98,380,18949,video,12643,1190,508,535,38720,51,2,170,20,1
99,244,4942,reel,4818,467,763,87,45845,46,9,55,13,1
100,416,1383,video,281,5,55,52,757,19,6,29,18,1
101,122,7823,image,1032,79,98,13,6190,43,6,87,23,1
102,175,18167,video,9069,483,517,726,61337,12,5,69,18,1
103,178,16296,reel,6872,415,134,59,19141,32,4,196,9,1
104,167,15204,reel,14030,1112,2082,450,88307,56,1,66,23,1
105,298,4925,image,2628,175,315,545,22851,55,10,177,3,1
106,153,11743,image,2858,192,81,206,20566,46,1,129,22,1
107,480,15147,reel,10778,925,507,2818,59999,53,4,70,0,1
108,237,13516,reel,9935,634,798,3182,16476,46,10,167,12,1
109,142,14571,image,10087,859,1821,2922,57560,12,4,81,4,1
110,337,4280,reel,3839,341,663,576,4505,38,6,105,13,1
111,498,17473,video,12970,679,2216,2930,41345,59,4,174,15,1
112,419,11155,video,10566,957,526,1651,32127,52,6,176,20,1
113,294,7819,video,3732,120,201,152,18483,13,10,141,23,1
114,250,3337,image,2233,24,163,204,4389,54,3,99,15,1
115,258,15080,image,2129,44,423,294,21011,12,5,149,22,1
116,332,15172,video,9029,801,182,1528,39483,7,10,171,15,1
117,455,14967,image,8702,133,1700,1961,70582,31,8,58,1,1
118,332,5347,reel,3739,338,373,715,35420,15,7,30,7,1
119,332,14304,image,5965,112,38,1932,31488,12,8,168,17,1
120,288,18450,reel,12982,1261,1516,3214,63202,58,1,114,20,1
121,344,10157,image,3788,89,173,235,21739,13,4,88,10,1
122,148,4417,image,1965,97,158,257,4882,44,3,43,4,1
123,223,846,image,699,12,68,204,4549,12,2,126,10,1
124,445,7298,video,1546,88,303,154,3116,41,1,171,3,1
125,336,16207,video,7925,398,647,1234,32875,22,4,139,19,1
126,277,4459,reel,3873,277,96,125,15782,20,6,187,7,1
127,289,11722,reel,9643,537,1745,938,79874,38,5,103,9,1
128,192,1508,video,1134,102,82,270,8164,27,6,117,17,1
129,213,6008,reel,4674,33,463,598,22723,53,2,122,12,1
130,495,15212,image,15114,608,2232,3073,80901,35,10,196,1,1
131,134,14223,reel,3347,94,215,568,28564,19,3,31,19,1
132,323,7479,reel,5029,396,5,717,47734,56,2,80,5,1
133,389,12696,reel,4086,80,165,172,12689,22,3,155,1,1
134,419,5580,image,3689,10,389,1207,12892,26,10,162,17,1
135,332,8434,reel,4802,339,216,66,30619,6,8,156,2,1
136,329,5380,image,1342,8,244,153,1860,60,6,87,7,1
137,230,17693,reel,3019,237,360,127,4038,51,7,20,9,1
138,403,7336,video,3097,274,439,35,6715,51,2,175,9,1
139,359,8543,image,5160,198,417,205,40941,32,1,27,19,1
140,219,6454,image,1541,94,248,422,14478,43,8,145,12,1
141,239,16913,video,13619,409,176,67,114085,48,9,67,2,1
142,162,10293,video,8136,252,461,1880,28707,23,10,29,11,1
143,234,13392,video,11538,296,1610,188,86929,11,5,116,5,1
144,327,3836,video,227,8,21,4,1273,43,7,60,14,0
145,236,6729,video,5809,342,772,309,41159,54,4,36,6,1
146,109,14943,reel,10576,268,1277,1217,88907,22,7,128,6,1
147,135,651,video,290,11,45,45,2058,38,1,173,9,1
148,446,14058,video,5227,222,533,988,23307,41,8,163,22,1
149,470,9282,video,7868,79,29,1156,32292,8,10,181,3,1
150,195,13157,video,4288,266,370,250,41242,22,4,125,19,1
151,495,8161,reel,5858,195,1015,1873,45430,54,4,194,13,1
152,420,18372,image,10731,126,1946,1573,98436,18,6,52,9,1
153,129,5581,image,1570,78,94,138,13419,56,3,155,21,1
154,273,14008,video,2984,274,427,824,18751,50,2,111,2,1
155,426,19330,reel,14506,1003,1984,90,114170,18,6,38,2,1
156,121,15744,image,3817,370,300,73,3829,40,1,97,11,1
157,327,2875,video,2095,75,417,612,9167,33,4,124,0,1
158,460,3267,image,3235,94,270,290,11500,41,8,73,7,1
159,356,10583,reel,8764,358,1340,415,22284,29,3,170,19,1
160,252,5904,reel,3686,305,726,190,24454,20,4,142,4,1
161,448,19712,image,2070,21,356,415,17701,12,3,164,4,1
162,232,14136,reel,3879,140,228,176,18620,6,5,186,20,1
163,171,4458,reel,2713,35,122,298,21793,44,5,72,15,1
164,173,8240,video,7064,368,546,1104,26273,48,4,124,6,1
165,428,16298,image,375,36,43,57,3602,33,8,179,23,0
166,167,13879,image,13357,1146,1252,730,50824,5,7,160,0,1
167,260,4561,image,72,5,6,11,439,9,9,92,6,0
168,140,1394,video,411,13,70,10,1016,25,7,102,22,1
169,417,19202,video,11072,240,1096,1962,105280,27,5,144,4,1
170,262,12564,reel,1257,69,106,2,9280,26,1,91,16,1
171,347,8826,image,4472,397,463,1294,16354,22,4,44,2,1
172,294,17045,image,13373,153,427,3285,71567,46,7,41,0,1
173,414,10884,video,525,6,45,44,3200,6,7,104,18,0
174,184,15032,image,5509,280,751,975,50699,23,8,102,2,1
175,126,13562,video,11864,1041,1511,1157,54101,9,8,62,16,1
176,364,6411,image,3407,275,633,219,9108,36,6,144,7,1
177,274,8615,video,816,55,118,259,4834,31,8,57,4,1
178,392,14841,image,12357,211,1301,2551,97790,14,9,169,5,1
179,234,18080,reel,10186,707,330,1922,81014,40,9,136,2,1
180,118,1989,video,1717,41,204,501,7591,5,6,91,19,1
181,256,15646,reel,6592,560,945,1138,50043,20,9,45,2,1
182,331,4879,image,2642,31,366,674,16611,34,9,118,15,1
183,207,17472,video,467,16,33,56,1221,14,7,54,5,0
184,323,4633,video,2042,77,180,14,15678,50,5,95,4,1
185,118,4851,reel,1019,29,80,63,2494,56,5,164,4,1
186,135,16357,reel,263,24,6,64,447,15,3,187,7,0
187,108,5774,video,1174,23,170,241,8361,40,9,30,11,1
188,494,8525,reel,3388,277,106,340,28588,7,3,140,15,1
189,362,2198,image,342,12,25,91,835,46,4,169,13,1
190,239,10531,video,60,6,3,5,548,37,8,47,2,0
191,427,1952,video,184,17,24,43,676,36,5,170,14,1
192,260,11832,video,3674,90,208,774,27776,52,4,132,23,1
193,204,5195,reel,4979,352,172,446,33665,19,10,119,22,1
194,103,7026,image,5349,438,947,1641,26881,44,6,73,5,1
195,406,7939,reel,2368,31,103,10,8282,48,4,190,3,1
196,128,8612,image,5652,337,1058,1620,48886,15,9,66,6,1
197,367,19770,reel,6723,224,1091,1281,23204,42,8,165,15,1
198,281,14752,video,9557,540,1077,1574,19374,12,4,125,13,1
199,154,9121,image,2780,127,469,741,14247,30,8,33,9,1
200,359,17539,video,13915,584,1998,1022,62422,12,5,47,0,1
201,392,13883,video,8098,321,1324,2523,80423,34,4,158,22,1
202,198,2614,reel,1455,13,93,226,12029,47,10,185,6,1
203,413,9371,reel,1903,125,68,48,15089,18,4,134,15,1
204,181,10359,video,3736,168,91,766,24379,29,10,110,16,1
205,132,7577,image,5944,434,200,636,11539,53,10,48,8,1
206,460,1310,reel,1169,97,207,17,4083,37,10,68,16,1
207,127,10898,reel,7375,682,1434,303,59064,37,6,165,23,1
208,437,9250,video,1622,31,281,89,15880,30,10,53,16,1
209,143,8897,reel,8032,177,1002,1413,64667,48,6,93,12,1
210,351,19935,image,4067,321,644,1172,38306,28,5,197,11,1
211,420,13819,reel,5355,510,428,1061,29647,26,10,20,14,1
212,237,16078,reel,13351,664,2175,3430,105652,30,2,64,13,1
213,104,6482,video,519,33,81,105,2947,9,5,127,2,0
214,401,14071,video,13119,674,677,3177,129685,57,1,151,10,1
215,324,3393,reel,2727,269,32,350,6912,29,8,40,12,1
216,320,3178,reel,1677,79,321,186,13621,52,9,102,23,1
217,140,14353,image,8920,811,1652,1824,14462,39,10,168,18,1
218,345,6982,reel,3214,13,224,309,5279,60,7,124,17,1
219,166,5387,reel,3026,67,141,59,29631,40,7,136,3,1
220,261,16904,image,5292,21,152,338,13337,30,10,123,1,1
221,272,8716,image,4442,27,882,64,39306,56,1,148,0,1
222,303,7616,video,2990,125,385,431,3767,35,4,172,8,1
223,431,9007,reel,2379,73,118,319,21650,55,7,135,9,1
224,165,12705,video,2061,200,44,138,3677,52,1,183,7,1
225,306,2344,reel,453,16,33,85,2534,42,7,33,5,1
226,405,9658,reel,1368,71,202,303,6532,8,7,35,21,1
227,295,16705,reel,12022,271,160,3201,19497,35,2,74,18,1
228,164,6608,video,4724,135,113,778,23254,58,7,59,18,1
229,186,10466,image,7331,206,590,1121,71418,27,8,116,23,1
230,428,17797,video,10495,566,1938,1440,34950,56,8,41,12,1
231,369,13412,image,358,27,50,52,2882,60,2,63,20,0
232,331,10989,video,3617,254,464,727,28466,29,8,124,7,1
233,378,823,reel,302,21,21,18,2601,56,10,193,10,1
234,180,18182,video,845,54,82,13,1356,24,8,167,2,0
235,233,7950,reel,5224,205,825,989,37178,8,1,177,19,1
236,213,1008,image,276,5,53,60,453,20,3,131,17,1
237,258,13481,image,11437,728,1896,3286,78644,23,8,195,8,1
238,134,1224,image,95,9,7,17,875,34,6,178,9,0
239,219,957,image,194,11,12,40,1340,30,9,78,7,1
240,103,10521,video,10231,783,295,2474,18921,43,9,65,11,1
241,446,19997,reel,16311,1213,1773,4030,73748,33,6,157,15,1
242,482,2074,reel,324,24,30,57,2891,55,4,189,16,1
243,118,14534,reel,9394,306,1272,2740,74660,42,5,75,12,1
244,219,5318,reel,1299,23,109,360,5297,8,6,196,15,1
245,419,12528,reel,11237,988,181,2624,68426,43,4,177,3,1
246,471,11075,video,8737,837,235,549,58078,41,10,182,5,1
247,108,2079,reel,288,5,18,1,2279,43,3,70,3,1
248,327,1012,image,719,33,13,130,4667,11,2,109,17,1
249,307,11952,video,2327,59,437,581,12065,28,2,39,1,1
250,362,9359,video,181,6,23,44,203,18,10,65,21,0
251,286,4491,image,1607,110,38,185,13176,15,4,21,21,1
252,378,16155,reel,4105,12,95,582,28408,47,1,100,10,1
253,373,8304,video,5002,267,461,579,47895,60,6,141,22,1
254,236,7015,video,4985,380,615,1163,31581,5,3,74,13,1
255,102,5811,reel,1378,133,153,56,8206,34,4,89,13,1
256,340,13638,video,10709,680,1733,2398,11247,45,9,109,19,1
257,338,13628,video,1823,137,254,13,10976,60,1,81,10,1
258,493,3337,image,2979,80,197,231,13493,47,1,172,5,1
259,239,802,image,66,6,2,1,78,25,7,163,16,0
260,156,14777,video,7923,689,297,1389,10364,16,7,152,18,1
261,179,11442,reel,1807,57,113,396,3225,44,7,199,6,1
262,496,1501,reel,1489,142,205,200,3335,59,8,115,3,1
263,245,2011,image,549,25,74,109,4584,6,2,178,12,1
264,388,6766,image,1782,37,314,589,11091,57,7,178,2,1
265,127,2753,reel,986,82,86,67,5731,56,5,86,11,1
266,385,8341,video,7703,479,1175,1758,73392,26,8,52,5,1
267,340,6872,reel,1938,120,227,181,9069,27,3,165,1,1
268,483,18993,video,9402,284,1341,1354,53758,6,3,130,22,1
269,257,2231,reel,223,6,6,12,1473,12,4,96,22,1
270,362,15640,image,13018,518,2142,2657,57668,56,1,183,6,1
271,423,1439,image,996,85,97,6,6059,55,10,193,7,1
272,460,6286,video,4088,77,158,855,5976,58,7,49,22,1
273,278,14927,video,13314,880,1473,1941,94535,15,6,148,15,1
274,290,11774,image,6099,415,384,1135,20358,23,3,103,19,1
275,288,11391,reel,11272,1121,927,3131,75583,45,6,155,10,1
276,261,12334,image,3567,301,441,986,9599,21,8,48,12,1
277,270,1349,reel,616,44,93,147,1668,45,7,90,1,1
278,306,10760,image,3094,167,257,181,28555,22,4,198,4,1
279,421,19882,image,9798,715,1510,3237,49690,5,9,163,20,1
280,251,1757,reel,1306,115,181,262,12229,57,4,87,12,1
281,313,17370,reel,16860,1224,2169,8,27165,53,1,37,14,1
282,452,18861,reel,1981,48,160,85,12019,21,10,77,8,1
283,389,19750,image,5175,233,174,187,35503,50,5,43,13,1
284,324,10387,reel,4686,441,931,665,31123,50,2,160,23,1
285,186,3535,image,1950,173,279,418,2656,20,1,173,21,1
286,274,9505,reel,7931,185,487,2594,54607,56,1,101,16,1
287,374,16618,image,860,26,27,183,6768,7,6,95,9,0
288,335,11533,image,10976,696,1617,2693,37306,33,5,120,1,1
289,206,16533,reel,9507,743,1441,1890,18664,15,8,96,7,1
290,401,17379,image,2756,234,232,409,12988,58,4,152,0,1
291,271,6568,reel,6067,460,489,406,23326,44,9,85,7,1
292,394,11813,image,932,43,89,20,6278,52,1,49,19,0
293,350,16934,video,7077,560,1394,2267,9432,10,5,197,9,1
294,354,19012,image,11331,620,1013,1583,100428,31,2,145,13,1
295,436,9854,reel,5505,322,18,29,14760,57,8,87,6,1
296,100,19170,video,6210,139,817,1077,6711,53,1,87,15,1
297,184,827,video,607,18,84,99,3000,10,4,118,20,1
298,432,10898,video,8294,252,1220,2138,81280,60,7,124,3,1
299,367,11055,image,1142,9,95,218,3962,13,2,41,11,1
300,435,15383,image,11235,668,1278,1526,56726,29,9,122,7,1
301,330,18544,reel,1508,21,42,274,14271,48,9,21,15,0
302,326,4029,image,1774,13,147,280,15123,48,4,197,23,1
303,140,2611,image,2391,161,221,538,20303,41,2,23,5,1
304,217,17329,image,6160,272,686,769,36078,60,2,66,3,1
305,321,8326,reel,8068,473,1287,1053,45488,47,9,187,12,1
306,315,10620,reel,6138,388,1085,1929,33006,52,5,150,21,1
307,264,17891,video,15061,196,2013,406,58798,58,5,153,15,1
308,456,10246,image,4659,151,224,302,39681,54,6,119,20,1
309,259,15001,image,3354,303,213,970,27140,37,6,90,22,1
310,412,9119,reel,7584,42,1294,1991,11672,39,2,124,8,1
311,380,11674,reel,7604,572,636,1819,21053,35,4,172,1,1
312,138,2529,image,1873,175,16,498,14517,44,4,59,12,1
313,103,12013,reel,1648,111,272,84,11254,47,6,162,21,1
314,338,18513,video,17320,26,1718,5231,173196,14,3,130,23,1
315,429,17506,reel,1373,72,79,15,1905,56,5,116,2,0
316,482,15544,image,3148,11,368,298,7360,33,9,64,16,1
317,341,14339,video,14325,401,557,4077,110175,42,7,31,0,1
318,393,14450,reel,6463,170,415,798,26554,42,9,84,3,1
319,250,2395,video,1021,34,168,290,4343,14,7,61,12,1
320,329,11732,image,11724,1162,1284,2507,90292,41,1,58,12,1
321,290,17911,reel,13182,709,292,2523,20023,49,9,76,23,1
322,348,5044,image,4261,266,301,769,7890,46,1,69,1,1
323,494,15437,video,12617,1073,1019,2624,71622,7,4,119,2,1
324,287,6665,reel,2425,196,257,667,2700,7,5,60,13,1
325,303,18004,reel,345,20,45,114,2197,21,7,200,11,0
326,213,6755,reel,6505,599,272,174,38143,19,1,90,4,1
327,237,18926,image,6368,139,806,1605,56451,11,10,68,0,1
328,177,15754,image,8556,712,1085,1482,79585,19,7,35,5,1
329,347,1256,video,492,18,61,45,2661,54,1,180,8,1
330,142,1923,image,1156,26,47,96,5192,55,7,108,6,1
331,269,12235,image,11777,311,96,2091,13237,19,9,96,19,1
332,477,12179,video,5854,303,884,436,18305,19,4,36,21,1
333,314,3229,video,2388,147,288,124,18207,38,1,109,6,1
334,362,11444,reel,10188,803,509,2754,69129,18,1,117,4,1
335,364,9978,reel,5921,271,652,1214,20960,20,8,197,8,1
336,230,16181,video,9125,738,467,849,42972,57,10,127,20,1
337,144,4318,reel,3530,195,590,439,32621,7,3,50,3,1
338,246,9093,video,7197,214,1065,1622,35987,49,7,144,20,1
339,221,4933,video,4122,46,252,953,18567,5,4,145,22,1
340,245,2064,image,1810,173,340,13,3995,57,3,170,21,1
341,361,3236,video,3007,39,39,891,25669,20,6,183,9,1
342,460,11553,reel,789,16,118,186,7515,37,8,88,4,0
343,302,11369,video,10259,1001,1806,1446,64997,52,2,105,20,1
344,174,4730,image,637,27,52,55,3497,27,9,40,0,1
345,404,17227,video,11793,605,260,3166,71337,11,7,48,2,1
346,317,6713,reel,3289,125,120,467,24011,27,10,84,5,1
347,179,7263,image,1144,5,206,344,9778,33,1,77,5,1
348,165,10969,image,5397,9,625,1331,27892,12,8,105,19,1
349,280,1310,image,656,35,78,23,4521,59,10,182,5,1
350,366,8162,reel,7625,66,1333,1843,57180,35,9,39,15,1
351,472,805,reel,429,6,78,100,2303,59,4,59,15,1
352,380,7435,reel,202,10,19,7,795,11,5,165,0,0
353,107,19291,reel,14428,1311,44,3867,137148,51,6,69,13,1
354,221,6307,image,3387,322,651,670,14675,43,4,198,23,1
355,251,11199,reel,9365,59,1502,2896,74814,50,6,145,9,1
356,260,12591,image,9357,350,1266,2449,20787,32,6,147,10,1
357,101,10340,video,6146,559,658,892,32911,37,8,68,4,1
358,259,7112,reel,2353,153,410,527,15319,25,4,115,11,1
359,157,4828,reel,3446,121,406,634,28688,7,9,31,9,1
360,387,3976,image,403,21,71,89,1722,25,1,106,4,1
361,452,4580,image,3683,15,533,1189,29379,11,4,174,5,1
362,409,15638,video,12988,1295,130,3165,80226,14,3,27,22,1
363,157,6620,image,3792,155,150,21,8229,8,5,56,4,1
364,354,5126,video,2574,43,461,102,19405,60,5,124,17,1
365,221,13804,image,6722,499,99,64,14611,14,8,142,9,1
366,451,14167,reel,8739,190,1191,2032,74291,9,7,130,3,1
367,412,5378,image,2126,144,114,697,17872,19,6,188,22,1
368,195,18482,video,1222,47,106,273,3167,50,7,29,17,0
369,450,7972,reel,6068,536,747,1811,24770,26,4,33,23,1
370,396,16585,reel,2110,62,100,308,15864,14,2,122,12,1
371,257,16175,image,3268,257,374,603,17323,54,8,150,4,1
372,205,16629,reel,1502,52,33,274,1935,14,5,98,10,0
373,120,16706,image,2241,183,279,176,14498,24,2,64,14,1
374,297,18159,video,16474,790,346,2568,57890,46,6,125,12,1
375,129,7949,reel,7232,113,235,1612,38158,27,7,136,17,1
376,479,6152,reel,3853,119,705,775,6563,45,3,38,8,1
377,290,13063,reel,12416,956,448,3941,94527,27,7,101,15,1
378,432,19225,video,9466,237,633,2650,71064,58,9,155,6,1
379,408,4582,reel,1840,181,301,127,5670,44,6,112,10,1
380,412,11185,image,2735,135,475,101,7609,12,5,166,11,1
381,477,4530,image,1640,88,196,44,15140,37,1,142,11,1
382,449,15619,video,4904,145,843,799,34889,17,8,158,12,1
383,282,1986,video,409,17,44,92,4033,51,1,197,1,1
384,453,7869,video,1100,85,56,50,9672,13,9,40,6,1
385,295,5020,video,3256,146,295,50,18577,50,7,193,3,1
386,315,14708,image,7598,76,1500,2258,67313,5,9,95,18,1
387,200,17987,video,2884,11,443,402,23706,46,7,66,16,1
388,174,8040,image,6614,130,155,1898,56044,23,7,22,0,1
389,346,3351,video,1314,107,140,67,6816,12,5,117,3,1
390,371,910,video,246,18,41,36,1276,51,7,54,0,1
391,301,5256,video,2392,82,125,412,20188,30,8,173,22,1
392,283,14078,video,9944,620,650,2386,84292,38,7,155,2,1
393,339,7950,image,6095,141,323,1045,32233,53,6,20,23,1
394,379,16404,image,14374,997,1039,2792,63611,46,1,143,9,1
395,445,8923,reel,6896,606,770,1091,10826,37,8,50,16,1
396,362,1734,image,1352,67,90,95,9172,52,2,59,12,1
397,488,6363,reel,2625,257,328,570,9718,5,6,196,6,1
398,358,19462,video,3300,92,580,359,3378,18,8,143,23,1
399,157,17179,video,16509,204,3165,49,57527,41,8,197,11,1
400,403,10668,image,4332,252,449,920,37830,26,10,55,2,1
401,383,18010,reel,12968,1105,2540,4153,85556,16,7,100,2,1
402,222,7883,image,3717,22,623,862,28062,6,3,41,5,1
403,386,7358,video,5418,260,730,1399,11901,10,3,110,19,1
404,123,3367,image,1985,160,14,64,15299,27,3,124,4,1
405,133,14971,image,10443,895,1384,2192,82171,44,10,166,20,1
406,130,8876,reel,5354,115,1013,346,25598,9,4,38,10,1
407,278,12336,image,3937,40,364,110,6464,52,10,104,20,1
408,495,7689,video,2702,130,382,81,5890,20,8,142,21,1
409,121,6212,reel,688,62,100,120,3306,9,6,122,18,1
410,349,2259,reel,774,42,120,145,1513,56,10,60,2,1
411,429,11722,reel,6524,403,223,244,34282,35,8,151,3,1
412,115,17686,image,6361,207,912,1109,28696,39,7,141,16,1
413,217,17615,video,3956,51,84,644,21514,59,7,52,1,1
414,236,7547,image,6264,178,1250,1947,12078,35,5,114,11,1
415,164,3507,reel,1260,124,237,246,7032,16,5,98,13,1
416,405,2852,video,2147,150,41,582,3931,60,10,137,17,1
417,406,10685,image,8697,839,68,1283,57996,7,8,167,23,1
418,174,5505,image,1440,122,209,375,12157,25,3,168,5,1
419,351,17579,reel,11034,789,2078,1692,11466,52,5,66,20,1
420,205,2953,image,2621,47,201,519,23134,26,10,32,6,1
421,252,19186,reel,16195,246,918,641,142634,43,3,148,11,1
422,228,16479,video,11228,694,904,2176,46202,54,4,151,9,1
423,216,15887,image,15281,1437,2137,3669,22461,28,3,117,4,1
424,358,8996,reel,4202,388,658,47,19215,27,7,139,20,1
425,191,16115,image,10067,69,160,1194,14158,32,2,35,11,1
426,135,3165,reel,2875,269,535,491,16589,22,6,162,10,1
427,428,15630,image,1695,63,313,22,2597,49,9,77,2,1
428,208,10124,reel,8658,535,683,1690,46858,8,2,55,8,1
429,319,6233,image,5053,165,231,1134,38085,54,1,40,9,1
430,307,3504,image,420,37,52,54,3389,36,7,67,3,1
431,158,19961,reel,18610,1136,2204,1058,54305,35,10,156,1,1
432,231,10002,reel,1476,133,216,122,9708,29,9,135,1,1
433,437,1078,video,117,6,9,24,437,59,1,150,14,1
434,451,13554,video,13225,373,1660,1305,74184,8,8,180,17,1
435,499,10905,reel,7270,624,1185,102,35392,24,10,97,19,1
436,412,6753,video,5032,329,771,1260,41378,36,8,146,17,1
437,159,16063,reel,11567,243,347,908,17138,13,3,48,6,1
438,185,10554,reel,7590,440,1376,396,64619,57,10,138,18,1
439,227,1095,image,805,55,118,241,3388,59,3,37,12,1
440,213,8813,reel,3926,171,212,1007,19662,39,2,59,11,1
441,374,19174,video,2363,191,34,57,5560,10,9,115,18,1
442,146,8324,reel,818,20,77,180,2870,11,9,31,2,1
443,407,18770,video,521,22,104,25,2143,21,8,165,21,0
444,129,4103,image,3872,64,644,580,31951,40,5,140,22,1
445,152,15499,reel,14400,323,1030,622,37702,52,7,166,13,1
446,182,8252,image,6529,427,588,2025,35052,36,9,147,22,1
447,402,17282,reel,12431,395,16,3479,71260,49,5,94,10,1
448,147,16628,image,10218,888,840,672,56121,27,8,162,5,1
449,191,12950,reel,9818,283,1366,3092,79554,18,10,171,5,1
450,371,18738,image,16203,245,2215,1411,31229,40,2,178,21,1
451,437,9431,image,7789,216,850,425,27895,36,2,164,2,1
452,424,15153,image,5612,498,154,1842,15945,22,1,43,19,1
453,104,18244,video,12545,1102,1889,2120,125065,47,2,53,12,1
454,176,13386,image,9476,758,875,325,40529,56,3,133,15,1
455,267,19083,image,8643,364,244,1259,29723,37,8,101,3,1
456,212,15242,video,13545,31,2368,3555,110494,19,5,30,13,1
457,361,9013,video,8719,179,152,2637,38841,47,5,46,7,1
458,205,18493,video,1586,143,30,122,13850,7,9,160,11,0
459,246,15970,video,10461,358,1267,357,86646,41,9,136,22,1
460,438,10356,reel,6738,600,6,1248,51866,38,10,190,17,1
461,260,16540,video,11093,458,1382,1826,56897,52,1,93,13,1
462,415,8719,reel,1123,49,208,334,1361,30,8,180,2,1
463,401,7253,video,2394,70,51,578,17022,14,5,102,22,1
464,418,8398,video,1321,34,133,223,10917,26,3,79,15,1
465,236,4296,reel,1128,15,18,210,7197,20,5,169,9,1
466,158,17666,image,7875,540,1048,1862,30644,9,6,168,0,1
467,161,14535,video,11519,184,2254,1043,37225,36,7,173,3,1
468,108,15082,image,13019,655,680,610,110132,18,4,165,7,1
469,219,19994,reel,161,14,11,53,1128,22,7,86,12,0
470,484,11693,image,1580,93,316,252,12117,18,7,20,22,1
471,487,6651,video,6531,427,999,2039,15465,44,10,22,14,1
472,209,10113,image,4657,163,21,760,11781,12,9,70,9,1
473,405,14120,image,13561,1268,886,3236,22359,43,1,135,10,1
474,398,13412,video,11675,702,10,102,41917,46,9,173,13,1
475,261,12075,video,6620,345,625,225,7940,60,7,177,3,1
476,321,5956,video,537,5,89,144,3077,58,9,122,16,1
477,431,8088,image,6828,192,708,1541,40853,5,1,39,4,1
478,139,12963,image,10049,71,1571,2209,46723,9,10,184,19,1
479,493,12441,reel,4366,81,680,844,33932,34,9,195,4,1
480,166,18854,reel,17514,1584,2618,16,129139,21,10,200,7,1
481,498,4685,image,3053,218,77,664,21044,12,5,115,0,1
482,212,10364,image,7342,306,428,654,39841,6,4,129,20,1
483,426,15365,video,3278,145,193,585,8429,34,3,90,5,1
484,479,6331,image,3602,180,348,1085,25313,32,7,130,7,1
485,275,9430,video,3828,66,271,321,11180,17,10,106,7,1
486,430,12583,reel,7415,658,66,244,21055,14,9,162,7,1
487,139,4311,video,325,10,6,99,1728,15,5,61,19,0
488,429,7346,video,2863,117,490,822,28264,22,4,54,22,1
489,456,5768,image,2788,49,61,27,18119,25,1,26,23,1
490,346,16054,image,6340,507,602,402,59527,42,10,107,15,1
491,297,3814,video,2134,165,208,368,18149,31,1,175,15,1
492,466,11003,reel,10203,722,164,723,14757,19,10,152,5,1
493,495,19487,reel,11467,581,271,2309,108524,7,9,23,7,1
494,470,13429,image,12928,161,2159,4054,126196,59,7,188,0,1
495,418,5275,image,4505,279,823,580,44968,27,5,144,14,1
496,473,1823,image,276,11,4,79,2428,26,2,187,0,1
497,283,11412,image,6671,584,1087,1685,64614,13,4,186,20,1
498,199,10117,video,3662,36,35,1028,19221,33,8,61,15,1
499,473,1477,reel,864,69,99,45,4936,28,7,180,13,1
500,122,11013,image,9779,925,1733,442,44875,46,8,124,5,1
501,211,1464,video,1067,7,82,15,7483,41,7,90,9,1
502,292,12830,reel,4215,245,202,716,8057,8,4,134,14,1
503,401,9859,image,8863,841,1030,361,41941,30,5,102,23,1
504,357,17179,reel,7871,655,1565,504,19424,51,10,27,21,1
505,258,8663,video,2967,98,304,871,29521,25,8,66,18,1
506,480,9141,video,4524,342,725,434,36489,21,9,200,18,1
507,360,19473,image,18717,632,2093,2308,183023,8,5,80,4,1
508,104,15747,image,6903,7,68,1664,23754,5,6,33,4,1
509,345,7767,image,2544,72,46,509,21853,9,2,190,10,1
510,443,12931,video,6938,619,337,1342,7195,18,7,125,17,1
511,204,17018,video,962,25,119,103,1787,58,9,69,13,0
512,107,1794,image,567,10,74,108,2059,32,1,22,20,1
513,385,6947,reel,1509,133,230,318,10346,20,2,94,17,1
514,203,6912,image,4814,125,724,465,17265,54,4,135,17,1
515,421,6408,image,3119,161,46,133,8833,58,2,72,21,1
516,425,3859,image,3031,191,47,177,19272,40,5,101,13,1
517,214,14488,video,10869,437,530,791,93381,58,7,32,23,1
518,260,13869,reel,10140,991,1752,291,86802,12,2,49,16,1
519,365,10050,image,6521,600,940,678,47851,12,7,79,16,1
520,207,14735,image,2173,48,230,661,18382,14,4,130,22,1
521,472,1974,reel,167,13,25,30,1347,47,1,124,2,1
522,159,1169,video,672,37,122,172,3115,40,5,108,3,1
523,230,10519,video,7924,15,1234,1134,74848,46,5,107,9,1
524,485,16248,reel,14731,1207,1316,4543,121383,31,6,38,19,1
525,396,5833,video,2613,152,492,590,21929,21,1,115,0,1
526,230,5612,image,3959,100,404,113,4936,14,7,37,12,1
527,259,9036,reel,1855,180,39,74,9738,32,8,84,8,1
528,283,14749,reel,193,11,9,15,227,40,3,47,17,0
529,329,18491,video,12891,240,156,2252,71541,58,6,32,18,1
530,363,4107,video,1205,15,232,315,11851,58,2,54,12,1
531,254,2781,image,2582,77,436,265,22920,53,4,196,23,1
532,312,4958,reel,3918,45,409,231,17804,28,8,154,19,1
533,214,18872,reel,2525,129,187,504,20749,5,10,129,4,1
534,229,16299,video,7790,236,286,446,70434,52,1,123,21,1
535,485,4366,image,3716,251,207,1223,28236,26,10,147,5,1
536,245,5934,image,1867,143,291,467,18138,43,3,111,12,1
537,423,12464,video,6014,480,683,1248,6739,45,8,198,11,1
538,429,9113,video,3329,191,476,574,22925,14,10,103,6,1
539,123,4683,image,2498,235,76,797,7165,30,6,134,19,1
540,393,16450,reel,10782,564,780,2396,80336,18,4,158,2,1
541,148,10946,image,3901,278,93,1275,35696,27,5,74,3,1
542,172,11453,video,1797,159,247,118,10591,49,5,168,23,1
543,429,15603,image,12511,436,1400,502,87397,41,9,150,9,1
544,132,4770,image,3304,169,87,864,5265,56,9,80,9,1
545,232,15668,video,11323,638,2185,917,51668,27,8,69,11,1
546,120,15599,reel,9230,539,838,1993,65584,44,7,127,20,1
547,324,15640,reel,3343,290,316,617,29287,8,2,85,21,1
548,337,5807,image,211,5,28,7,2046,45,1,124,3,0
549,156,11245,reel,892,37,161,115,2947,9,3,66,16,0
550,108,17615,reel,11531,561,1497,1753,87840,25,1,33,11,1
551,227,15690,image,15164,1481,1998,2829,94289,13,1,134,8,1
552,357,11316,video,8379,264,770,1504,82119,21,4,65,10,1
553,186,8804,image,2161,76,50,100,11953,9,8,82,6,1
554,378,13839,video,4126,380,67,578,33179,42,8,121,9,1
555,284,19980,video,5054,398,17,1614,45251,12,4,164,11,1
556,424,3123,image,2873,129,18,804,22717,30,9,172,22,1
557,164,4420,video,1377,13,220,371,10956,24,4,169,13,1
558,238,1646,video,1517,107,217,247,11546,45,6,175,20,1
559,256,9107,image,3620,69,427,84,8705,24,5,148,17,1
560,144,2363,video,1537,149,197,159,8190,15,1,183,19,1
561,274,1277,video,943,47,130,309,2126,13,10,118,14,1
562,271,19241,reel,16491,206,1226,413,30486,44,8,45,16,1
563,311,19492,video,10684,226,1633,911,57893,15,6,180,20,1
564,106,5822,reel,4091,241,38,198,24804,47,6,191,0,1
565,344,1860,video,1583,26,164,175,15254,46,8,192,19,1
566,165,17991,reel,4388,290,200,1390,40657,58,1,102,13,1
567,329,16129,reel,13653,1068,201,3859,41050,16,9,67,20,1
568,166,10646,reel,8827,65,1531,1637,49935,38,2,103,10,1
569,171,18560,reel,5554,321,803,14,21135,35,10,34,22,1
570,191,12351,image,1228,40,200,277,5182,5,6,120,17,1
571,271,10928,video,1993,129,342,114,6828,52,10,155,0,1
572,189,15330,reel,9817,103,1555,2923,13349,24,5,79,10,1
573,466,16969,image,5801,227,993,740,43792,23,6,97,1,1
574,229,6420,video,5351,195,96,788,34701,6,2,134,21,1
575,158,7240,reel,6146,433,68,115,39269,24,5,154,15,1
576,320,11241,image,10012,830,587,672,24520,31,8,120,9,1
577,128,15934,reel,5285,484,930,1452,23202,28,9,71,10,1
578,175,9288,video,5351,446,873,1619,28322,21,9,72,7,1
579,453,11994,video,6051,487,422,304,42366,21,6,196,15,1
580,259,4498,image,3514,203,357,1171,30108,5,9,110,22,1
581,236,4325,image,994,81,41,174,2901,10,2,47,8,1
582,330,15168,reel,9858,828,596,1689,40901,18,8,170,23,1
583,190,10939,video,2894,113,329,328,22594,6,9,124,0,1
584,381,19983,image,19264,1783,3540,1817,25245,59,8,132,14,1
585,108,5540,video,4458,211,633,1202,27638,25,10,23,18,1
586,100,12210,video,8115,706,81,856,61419,16,8,148,20,1
587,284,11699,image,7802,168,449,1669,37484,33,1,63,5,1
588,398,5340,video,5166,316,870,830,9537,24,1,86,9,1
589,388,2770,image,1265,31,65,374,5052,48,6,93,8,1
590,415,7615,image,5872,308,20,181,23461,31,7,126,2,1
591,478,6087,image,1255,7,25,282,2303,35,10,40,2,1
592,184,16262,video,1994,64,205,77,19001,16,10,83,7,1
593,454,6679,image,5296,144,378,269,42881,49,9,45,2,1
594,314,8422,video,558,12,103,39,3728,47,4,70,20,0
595,109,10862,reel,7261,722,808,646,15428,17,5,35,2,1
596,107,9688,image,5684,253,1049,44,23298,56,10,133,2,1
597,449,10640,image,4167,323,407,687,8163,48,4,47,2,1
598,169,1071,image,468,36,37,41,4339,29,8,116,10,1
599,353,15348,image,14887,233,2926,3599,40362,27,9,137,22,1
600,493,10113,image,3861,210,638,1042,22592,33,3,31,17,1
601,333,2671,image,2227,189,156,83,14841,57,6,180,18,1
602,301,4151,reel,3274,108,456,60,7892,49,7,71,8,1
603,372,2780,video,643,40,84,42,3325,31,8,130,13,1
604,446,3590,image,1461,114,72,19,12964,28,3,131,5,1
605,321,14752,image,12374,195,5,2348,86463,26,6,152,17,1
606,342,1419,reel,75,7,13,4,237,23,6,163,7,0
607,406,19676,reel,13686,391,47,4211,17914,15,2,85,18,1
608,431,5276,image,2281,136,90,676,6111,38,1,99,0,1
609,208,6296,video,3088,299,590,237,26099,55,9,44,4,1
610,204,1572,video,337,25,38,13,740,23,7,118,21,1
611,123,18254,reel,8790,748,1553,2656,87354,53,4,36,14,1
612,329,14910,video,12693,43,1288,1953,37748,59,1,59,20,1
613,163,2453,video,1522,63,146,339,2267,58,2,105,13,1
614,399,2055,video,585,9,83,8,4604,57,6,51,15,1
615,480,5636,image,2821,174,71,667,12822,12,2,85,18,1
616,253,15252,video,8519,47,859,1125,10860,45,10,38,21,1
617,187,18978,video,13801,1065,2403,4218,15000,35,5,117,12,1
618,119,6552,video,3312,9,278,802,16374,10,8,116,13,1
619,155,12714,video,9538,271,765,1798,15087,53,4,56,2,1
620,370,15393,reel,9463,893,1748,2685,75953,46,4,61,4,1
621,491,3032,video,1789,160,156,512,15881,59,1,52,18,1
622,206,18333,reel,4977,103,877,1327,16301,5,5,94,1,1
623,476,13675,image,5332,323,535,491,13225,60,4,159,21,1
624,489,12443,video,8703,587,1021,709,67260,20,1,56,19,1
625,268,4422,image,4367,46,501,887,6823,12,10,162,13,1
626,406,3830,image,2448,68,351,444,20552,13,8,146,10,1
627,371,3297,image,2759,195,29,749,18234,20,1,119,5,1
628,416,6024,video,860,73,111,75,3053,8,6,82,17,1
629,100,1496,video,322,16,47,9,2998,53,6,95,9,1
630,279,5526,video,3714,227,366,599,28558,27,1,90,6,1
631,446,18693,image,1177,102,203,100,10610,27,6,114,10,0
632,248,18759,reel,2651,180,257,402,10875,31,8,91,8,1
633,263,11164,image,4901,31,450,11,41711,60,6,88,1,1
634,430,3146,video,2368,213,181,68,4169,29,8,166,4,1
635,343,1768,reel,190,16,1,57,580,36,2,98,1,1
636,183,6540,reel,496,42,69,72,4722,14,8,110,18,0
637,408,9352,image,52,5,2,13,68,35,2,109,22,0
638,377,15606,image,13504,654,1907,2492,123939,7,10,56,23,1
639,176,17480,reel,3075,102,433,329,25919,7,2,181,19,1
640,318,1128,video,952,59,1,120,8436,56,7,165,9,1
641,201,12138,image,5076,85,857,1534,44399,58,5,193,7,1
642,361,3211,video,2284,131,251,663,17181,31,8,121,17,1
643,313,5851,image,3216,168,278,110,3675,7,4,33,15,1
644,237,13664,video,3350,176,47,626,18638,55,10,182,2,1
645,158,17722,reel,3191,226,538,855,4959,52,3,174,19,1
646,495,7358,image,6150,79,159,1479,9791,52,9,83,2,1
647,315,13027,image,10932,137,1882,1124,47829,54,3,188,19,1
648,170,3057,video,2885,67,273,432,19004,46,5,117,0,1
649,359,9519,reel,2912,127,309,748,23515,12,8,154,20,1
650,420,11006,reel,9299,842,1011,426,83169,33,1,101,17,1
651,147,8788,image,4374,240,861,489,32944,60,5,114,4,1
652,166,13026,video,2773,214,87,472,14087,49,6,108,12,1
653,313,19164,video,15508,232,2653,1305,90046,31,4,147,15,1
654,309,890,image,169,14,24,31,1200,44,2,197,18,1
655,468,19678,reel,19282,1114,2267,2746,35236,45,5,186,16,1
656,132,16997,reel,16049,298,421,1752,53447,14,9,21,9,1
657,109,11853,reel,1076,13,88,53,8274,10,7,158,15,0
658,323,19658,image,13147,122,227,972,39560,10,5,70,1,1
659,465,3273,video,2059,88,133,574,13829,50,9,187,20,1
660,235,11430,reel,2682,117,50,628,19926,20,8,179,8,1
661,446,9623,reel,7323,14,1049,714,57102,14,1,140,15,1
662,111,6718,reel,2442,150,18,349,8969,59,6,102,6,1
663,431,3748,image,670,67,17,186,1781,19,4,62,2,1
664,395,17196,image,8496,317,566,1930,53555,21,8,141,16,1
665,371,17544,image,9156,512,1491,2905,10840,19,7,79,23,1
666,315,1475,image,845,16,103,139,1943,20,9,89,18,1
667,406,10917,reel,10392,647,291,3254,60493,54,5,80,19,1
668,106,14698,video,14291,1220,2742,3077,123680,37,9,72,0,1
669,427,18642,image,7296,180,618,173,58706,31,4,140,13,1
670,259,3584,reel,2280,20,43,430,11539,23,3,171,6,1
671,180,15832,image,1471,12,38,67,9812,9,5,184,17,0
672,447,16955,reel,353,33,47,32,1358,46,8,146,12,0
673,380,2524,reel,959,39,120,10,8807,40,7,27,2,1
674,158,7039,image,6218,337,214,1883,50816,14,6,56,4,1
675,218,18468,video,8757,621,825,803,28118,19,9,51,5,1
676,367,7784,image,3903,334,448,245,10832,43,4,40,17,1
677,314,14436,video,7197,708,1280,1183,45625,60,4,196,22,1
678,115,8087,reel,656,31,16,66,5854,16,3,185,23,0
679,154,18804,reel,3864,195,172,373,32452,8,7,185,18,1
680,211,18532,video,5039,454,752,142,27736,27,10,104,1,1
681,249,7523,reel,6634,596,75,1750,47137,51,4,176,6,1
682,323,5878,reel,2766,188,432,109,12776,26,1,194,9,1
683,115,9483,reel,3467,53,398,1143,18518,21,6,36,22,1
684,154,9126,image,1905,148,81,101,9067,59,3,94,18,1
685,160,1935,reel,81,6,15,12,83,36,5,27,4,0
686,207,18989,video,7855,719,822,2330,29517,54,3,142,14,1
687,310,659,reel,276,24,17,34,1007,26,1,46,18,1
688,290,3064,video,1235,6,116,41,2537,58,2,128,19,1
689,441,5468,video,1400,11,88,181,12547,43,9,100,21,1
690,376,19411,image,2155,128,240,693,5319,20,4,153,9,1
691,303,3345,video,1338,122,163,222,10922,49,9,164,22,1
692,291,13769,reel,7831,555,1475,2179,25438,51,10,183,20,1
693,281,18987,image,13212,629,2457,999,16987,23,5,65,3,1
694,451,19507,video,1992,72,251,29,4330,57,1,102,15,1
695,424,5326,reel,321,18,6,53,693,36,9,154,5,0
696,366,7526,reel,5246,158,766,846,50036,58,9,113,17,1
697,430,17906,video,15189,780,1923,604,130609,51,9,98,12,1
698,207,3752,video,1959,130,282,474,7852,26,7,53,0,1
699,195,5737,video,1496,65,154,233,2253,32,8,83,2,1
700,207,18616,video,1183,100,226,264,5404,45,9,133,7,0
701,258,14097,reel,6945,145,1353,1033,55694,22,6,59,13,1
702,280,2074,reel,1713,56,253,275,12732,47,9,22,23,1
703,500,1322,image,822,13,121,271,7074,13,2,95,13,1
704,281,10275,video,8366,797,102,1120,45431,26,5,59,0,1
705,232,10531,reel,3096,305,367,479,26022,37,5,71,10,1
706,494,15059,video,10624,131,134,1510,81442,48,2,171,0,1
707,359,2503,video,1982,111,157,197,14879,53,7,184,22,1
708,447,12954,video,2814,240,554,406,18426,58,6,149,7,1
709,310,15992,video,14943,656,1411,3209,21706,32,9,64,2,1
710,270,1927,reel,1341,10,263,321,8291,46,9,48,2,1
711,320,19862,image,10355,987,681,706,63105,49,10,47,6,1
712,152,2334,reel,2058,174,383,576,6941,8,9,81,15,1
713,161,18510,video,167,6,3,35,1558,5,10,66,15,0
714,456,3424,video,3417,36,269,496,19738,37,1,72,19,1
715,474,7769,video,5724,52,735,463,25165,31,1,54,16,1
716,173,10550,reel,6137,340,706,2038,48351,41,2,167,0,1
717,142,3986,image,3220,212,269,718,18096,34,7,104,3,1
718,327,3931,video,1073,101,145,348,10135,52,9,132,23,1
719,112,561,reel,539,24,30,137,3680,57,6,194,12,1
720,289,10753,image,4423,211,498,877,15864,14,3,167,23,1
721,165,14505,image,12938,1176,1214,975,91090,59,1,124,9,1
722,114,16520,image,988,40,195,213,1641,37,9,46,2,0
723,231,10719,reel,7006,24,1181,40,61765,36,8,134,16,1
724,286,10727,reel,2035,115,255,505,5299,5,4,58,7,1
725,189,18747,reel,1898,152,7,173,13987,23,1,129,20,1
726,300,5685,reel,2492,10,260,109,23380,54,1,161,6,1
727,285,8409,image,3541,90,196,1169,15261,51,10,24,15,1
728,479,14072,reel,6306,71,623,246,30304,53,4,109,5,1
729,209,19750,video,4342,272,586,878,14588,33,4,85,14,1
730,338,3549,image,2184,22,130,231,10381,52,9,143,5,1
731,203,13417,video,9259,90,1466,1297,21403,50,5,135,1,1
732,436,18208,reel,5035,318,692,1016,10829,7,3,113,23,1
733,348,4356,image,2146,173,248,596,12380,44,5,160,6,1
734,351,7460,video,3389,303,230,755,10894,60,6,174,6,1
735,410,16202,image,1393,75,7,58,5266,49,8,91,0,0
736,168,18813,reel,2222,34,120,628,10377,49,9,92,12,1
737,267,5760,video,5233,276,659,862,6775,5,10,52,8,1
738,248,14404,image,4700,156,337,1499,19047,33,9,101,21,1
739,482,4868,image,1889,114,264,76,4814,23,8,134,14,1
740,170,7025,video,1212,15,137,128,8011,15,6,35,10,1
741,444,19527,video,5548,30,482,1644,16356,7,8,140,15,1
742,127,5317,video,3899,260,522,152,27778,37,1,119,8,1
743,253,8777,video,6047,495,1084,1970,35104,56,1,30,16,1
744,312,11032,video,8791,663,528,1861,82320,29,5,171,12,1
745,259,11605,reel,3537,330,510,1171,14497,60,10,185,11,1
746,316,19737,reel,10209,780,1526,3201,82885,45,4,139,17,1
747,400,13702,video,9334,217,259,1262,84505,8,1,153,18,1
748,168,9928,reel,572,31,8,175,5222,14,6,161,0,0
749,295,13697,video,3040,230,576,29,11945,45,2,180,9,1
750,197,8293,reel,5646,217,217,281,9842,45,4,187,3,1
751,125,16030,image,2220,21,28,643,8428,12,9,153,2,1
752,479,14558,video,14251,675,1482,4390,36867,38,5,51,19,1
753,330,5725,video,3146,246,329,131,29460,35,9,146,21,1
754,354,7016,reel,5733,107,853,1255,7195,57,8,165,5,1
755,149,11020,reel,10697,975,18,2254,25720,43,1,187,14,1
756,345,908,reel,570,52,46,145,2602,58,6,59,16,1
757,391,12256,video,11881,229,2352,1911,95737,31,1,123,4,1
758,310,3996,reel,2211,49,406,230,13400,40,3,24,3,1
759,234,17145,video,3489,163,344,419,21212,13,8,74,9,1
760,463,6763,video,5535,350,218,125,27234,21,9,150,3,1
761,286,16188,image,12188,26,763,2237,103611,18,1,166,7,1
762,399,5129,image,2362,172,49,216,6585,55,6,67,17,1
763,287,18190,video,17642,1269,1170,3049,44686,11,3,112,21,1
764,283,1144,reel,563,35,70,86,825,23,2,37,4,1
765,192,5749,reel,4397,373,341,307,20815,10,1,191,0,1
766,329,10947,reel,541,36,35,40,4617,20,4,50,20,0
767,140,6968,reel,537,13,42,135,3417,9,10,133,12,0
768,273,19319,reel,4274,425,295,1216,42647,55,2,147,20,1
769,178,6305,video,2126,162,397,670,4037,44,2,165,14,1
770,174,704,video,498,24,37,72,1754,12,1,181,14,1
771,369,2723,reel,1754,66,247,548,4018,51,1,116,5,1
772,342,3207,image,3100,194,14,898,23793,13,1,78,23,1
773,347,14108,video,7731,685,153,1233,43216,59,1,87,2,1
774,217,13480,reel,12455,557,442,3803,89379,28,10,195,5,1
775,472,7216,video,6934,530,1067,263,48556,58,4,162,13,1
776,283,14286,image,9832,56,89,855,25941,35,1,78,13,1
777,432,11940,reel,11777,543,603,1116,27545,22,6,149,7,1
778,216,1801,image,862,17,139,207,5513,30,3,45,9,1
779,479,18360,image,16699,1428,38,1000,63152,11,6,40,11,1
780,134,16932,image,12516,820,865,4092,52192,8,8,122,9,1
781,320,13322,video,428,25,83,35,1698,54,1,82,22,0
782,267,7659,reel,3886,283,229,516,11607,14,2,177,4,1
783,143,1854,image,1778,59,117,363,2355,8,6,159,1,1
784,171,10286,video,5884,422,775,470,29218,54,2,61,5,1
785,414,2173,image,821,23,142,6,7392,38,2,100,4,1
786,307,5163,reel,1198,36,1,337,11398,30,6,109,18,1
787,200,7438,reel,6132,557,971,133,18181,49,2,20,0,1
788,296,3085,reel,2865,145,152,737,20448,13,5,120,16,1
789,242,19122,image,16972,147,800,318,82950,13,9,171,5,1
790,134,17867,reel,874,43,50,129,976,26,4,170,23,0
791,388,4916,video,3534,304,215,21,5657,46,6,43,4,1
792,321,6253,video,5190,317,105,1318,47403,27,10,34,6,1
793,446,13454,video,1714,132,30,161,5485,9,3,113,12,1
794,435,14415,image,10860,212,1021,1289,21240,43,4,101,23,1
795,168,583,video,181,7,36,3,1511,41,4,61,18,1
796,225,18944,reel,18522,563,3411,4719,84364,33,2,48,5,1
797,120,17561,video,15559,1328,428,414,110553,57,2,91,16,1
798,348,5276,image,3324,147,603,416,16802,37,5,42,19,1
799,447,11588,video,1621,67,161,3,15572,51,10,20,13,1
800,379,4655,image,2901,154,188,445,16356,53,2,29,11,1
801,159,1775,reel,251,25,10,49,1576,34,1,156,14,1
802,126,11411,reel,9393,626,1437,1431,77119,58,3,145,3,1
803,449,8678,reel,2385,73,295,511,13496,12,7,49,3,1
804,304,13104,image,11957,1102,1480,558,46982,21,4,121,0,1
805,448,2558,video,943,10,78,61,4337,16,1,114,8,1
806,143,12898,video,4755,151,911,1089,31832,45,9,180,21,1
807,310,12586,video,8743,510,410,2486,14648,60,9,80,13,1
808,390,12513,reel,5719,562,122,416,15958,56,9,61,10,1
809,249,19475,reel,3779,130,74,942,24395,59,3,77,11,1
810,103,18354,reel,2426,8,263,615,15633,25,9,74,0,1
811,214,16120,image,15068,1482,741,197,120183,53,8,193,1,1
812,356,13552,video,5994,437,817,1334,11045,15,3,165,17,1
813,358,3263,video,3017,128,20,410,12590,34,8,46,4,1
814,198,11137,image,7301,546,402,627,48233,33,1,172,14,1
815,267,1944,reel,761,73,3,60,2676,11,3,23,3,1
816,125,8214,video,2681,251,253,147,14708,44,2,142,6,1
817,219,18833,image,579,53,103,46,3036,31,9,75,10,0
818,441,12301,reel,6708,523,389,1093,65139,45,10,153,21,1
819,107,16738,video,2112,37,60,688,16230,49,10,36,10,1
820,190,6495,image,6190,397,1113,1690,61729,25,2,148,7,1
821,135,5714,video,4183,318,669,1052,33998,53,7,190,5,1
822,337,3942,video,390,38,19,68,1033,56,4,97,21,1
823,121,16351,video,11211,654,1784,240,32310,31,9,177,18,1
824,247,5087,image,4250,96,530,471,35341,16,7,96,5,1
825,202,8419,video,449,24,7,101,4198,7,9,185,14,0
826,211,13129,image,11075,377,2066,153,88879,23,3,191,7,1
827,169,2416,reel,1795,136,357,409,3355,41,3,92,3,1
828,456,4783,image,4729,93,18,672,33011,15,2,107,17,1
829,482,14157,video,1455,60,85,245,4108,26,3,57,15,1
830,139,16268,reel,2293,145,323,400,14035,45,4,86,6,1
831,444,17827,image,16513,499,504,5343,71441,28,4,154,21,1
832,117,9333,video,5716,565,1076,1483,37081,42,3,137,10,1
833,329,12720,image,1002,36,162,227,9158,40,7,126,11,0
834,285,6700,video,4608,254,390,209,7443,49,3,170,14,1
835,233,18893,image,3754,343,7,343,8595,32,9,37,9,1
836,336,12744,reel,10809,287,1308,2370,63880,45,1,96,21,1
837,471,9642,image,200,13,5,38,207,48,8,87,1,0
838,339,3247,image,961,50,138,118,6721,41,3,121,7,1
839,148,16641,video,9697,158,1191,2123,33419,31,3,191,16,1
840,337,1490,video,1079,20,15,158,4343,31,1,159,8,1
841,351,17577,image,4403,360,18,823,16733,51,3,24,4,1
842,214,12003,image,6722,633,161,609,24315,15,5,162,8,1
843,140,10282,reel,5771,418,684,82,25908,28,4,35,13,1
844,192,11132,video,10118,395,1086,512,41173,27,3,59,0,1
845,252,11124,image,1013,98,2,46,6134,51,9,149,20,1
846,417,19021,reel,864,15,82,238,7156,29,5,189,2,0
847,359,11121,reel,4238,236,221,482,41447,44,10,119,1,1
848,120,6904,video,2922,13,139,628,21981,58,7,136,21,1
849,249,11110,reel,5713,301,29,767,40938,21,9,106,0,1
850,471,3465,video,1089,62,29,125,6291,55,6,138,0,1
851,325,12450,reel,7040,631,245,245,9568,14,8,166,17,1
852,110,2756,video,2143,80,397,307,2158,55,3,24,2,1
853,473,6332,reel,5459,472,651,1063,9391,50,6,52,11,1
854,133,10899,reel,2568,221,103,856,14622,52,5,27,2,1
855,179,3516,image,1687,129,121,269,7366,29,10,104,16,1
856,494,7766,image,537,25,60,37,4786,50,10,179,8,0
857,155,11034,image,1483,108,186,380,11937,26,4,77,20,1
858,405,8746,video,5537,6,1062,957,25424,42,2,117,16,1
859,197,15072,reel,710,22,28,105,3270,5,4,154,23,0
860,138,9410,video,1439,25,96,454,8257,50,10,103,0,1
861,485,8084,reel,5942,31,534,976,35459,46,1,176,15,1
862,498,1886,reel,1866,102,84,234,8400,8,5,92,14,1
863,423,11702,image,5310,40,615,111,15801,31,1,150,18,1
864,387,4468,video,409,31,9,123,876,51,2,48,20,1
865,100,18803,image,9939,170,934,2323,92090,31,7,172,15,1
866,262,10337,video,4649,96,217,591,9107,12,2,137,7,1
867,343,14836,reel,11062,930,1395,1,61286,52,1,102,16,1
868,436,16779,image,10569,34,708,2104,99182,50,7,102,14,1
869,476,13772,video,10977,696,233,1268,90876,40,3,93,22,1
870,316,16702,video,8277,372,1461,1378,24692,27,2,52,15,1
871,167,3334,reel,483,36,26,25,491,32,7,113,2,1
872,430,13021,reel,5398,408,488,1246,27672,26,3,189,12,1
873,467,6427,image,436,18,44,50,3074,60,3,116,0,0
874,181,635,reel,168,15,20,26,1151,17,9,184,20,1
875,156,10133,reel,337,33,61,104,1271,47,5,182,14,0
876,102,3529,image,704,34,117,219,4318,11,1,98,6,1
877,428,2959,image,1714,128,196,527,12101,12,2,54,5,1
878,167,6085,video,639,50,76,207,4652,33,8,51,2,1
879,319,18093,video,1741,50,36,143,16481,35,4,91,13,1
880,498,9643,reel,3551,27,406,439,23259,12,2,158,23,1
881,400,5498,image,2949,284,85,115,17692,55,2,191,11,1
882,167,7029,video,6245,380,15,1433,33578,24,1,196,1,1
883,452,11739,video,3025,50,200,797,7941,36,2,24,4,1
884,384,17137,image,3958,47,6,545,25747,7,2,144,11,1
885,131,1851,image,1403,5,255,22,3804,48,8,109,13,1
886,255,16351,video,12547,59,2203,2459,20444,29,2,171,19,1
887,256,3477,video,1918,182,247,381,5411,29,1,190,23,1
888,169,6537,reel,3510,64,694,992,16157,19,10,62,3,1
889,102,5865,video,3963,166,536,226,10067,7,5,159,2,1
890,133,18053,video,2819,30,318,763,13757,57,2,47,22,1
891,448,6082,image,3751,182,445,658,8986,22,1,162,4,1
892,405,12403,image,5286,473,456,1337,44114,29,3,25,14,1
893,387,16153,reel,8211,218,1350,999,8701,26,1,166,10,1
894,414,5199,reel,661,45,29,101,3996,19,10,180,9,1
895,462,8250,reel,7428,367,1353,1648,14572,56,6,60,23,1
896,186,2415,reel,1137,97,180,300,8186,54,1,193,11,1
897,113,7425,reel,3404,203,34,1057,19356,15,1,69,17,1
898,220,10750,reel,642,38,59,199,5704,18,8,80,21,0
899,500,19921,video,4636,242,111,167,13772,57,4,24,13,1
900,449,15519,reel,3520,100,321,983,7355,17,1,177,14,1
901,118,5601,reel,3067,156,393,893,5723,36,5,196,7,1
902,151,7615,reel,722,64,26,21,892,58,2,45,23,1
903,383,7671,reel,7321,320,1390,363,24087,43,5,195,15,1
904,221,12946,video,8764,165,572,1923,81640,44,10,68,19,1
905,375,17639,image,283,26,27,51,1151,7,10,177,7,0
906,419,17452,video,2499,189,156,353,11831,21,6,161,14,1
907,495,16362,video,936,66,70,311,7978,43,8,197,12,0
908,390,19036,reel,6975,154,194,803,55444,31,7,71,0,1
909,152,12591,reel,6090,491,560,1193,28683,18,10,25,18,1
910,478,13994,reel,4684,155,363,90,21961,39,6,38,16,1
911,463,1070,image,920,20,61,164,7981,52,6,132,18,1
912,391,13940,video,5588,486,371,1562,26210,13,2,64,14,1
913,154,3953,video,2148,106,29,621,2241,48,5,177,16,1
914,194,12276,video,5566,30,92,20,37370,10,6,100,10,1
915,371,10788,reel,1757,30,133,216,13047,28,9,163,7,1
916,261,3004,reel,1926,170,380,509,12279,6,2,77,7,1
917,242,1992,image,1593,154,66,17,7230,24,9,105,16,1
918,188,13867,reel,10151,358,269,2007,59582,20,6,82,22,1
919,482,5489,image,5482,384,349,1426,13693,24,5,63,0,1
920,317,5322,reel,3091,7,34,843,5867,59,8,50,2,1
921,108,5122,reel,4147,380,398,27,38599,22,9,69,15,1
922,163,2846,reel,2417,194,85,416,11239,22,5,91,4,1
923,119,4657,video,980,48,154,33,1178,12,8,181,13,1
924,289,7867,video,5056,161,739,797,5815,57,5,63,5,1
925,374,4098,reel,1485,142,102,26,9783,42,1,136,19,1
926,381,12309,image,3688,33,41,1216,11180,51,9,109,5,1
927,288,8360,video,2418,178,284,148,16057,26,9,80,16,1
928,180,15984,reel,8113,530,98,578,14073,35,4,197,15,1
929,384,18657,reel,18217,1657,468,2442,99118,33,4,60,13,1
930,249,4245,video,715,41,92,204,6156,44,2,67,5,1
931,267,12214,image,11536,937,426,3124,95604,17,3,118,16,1
932,154,12581,reel,7249,540,630,2053,25009,45,6,56,13,1
933,442,14341,reel,9219,689,1165,2033,39204,8,3,28,8,1
934,107,13030,video,12654,1203,2167,884,24995,45,1,185,22,1
935,243,15304,video,3184,208,618,37,18301,16,5,79,11,1
936,376,13808,image,590,27,8,77,972,48,7,94,15,0
937,434,2251,video,1522,11,183,506,9179,25,3,176,20,1
938,117,1027,reel,772,38,87,169,7386,51,2,51,14,1
939,116,9373,reel,1180,6,134,367,3877,12,6,123,11,1
940,179,975,video,315,7,10,49,391,40,6,197,17,1
941,133,18985,image,8782,368,683,1337,19011,30,4,161,5,1
942,427,18628,video,3684,51,707,119,17199,18,8,140,12,1
943,374,2550,video,1172,111,29,348,7156,30,2,154,8,1
944,199,7219,reel,4635,352,369,635,26789,7,1,104,4,1
945,175,17749,reel,17048,1055,447,2089,101001,9,10,173,19,1
946,241,5279,video,979,41,95,36,9568,55,7,95,5,1
947,358,7923,reel,2068,111,313,538,8872,36,2,174,8,1
948,154,6466,image,5001,222,108,907,38390,29,10,180,5,1
949,254,542,image,243,21,14,52,2146,33,3,69,16,1
950,432,9297,video,573,52,35,185,5247,7,1,25,14,0
951,360,11693,image,6101,17,477,315,45875,41,1,192,8,1
952,325,16998,image,15308,178,3012,3645,109707,48,10,42,22,1
953,275,2303,video,1682,83,317,29,15779,54,9,41,2,1
954,326,4897,reel,2912,122,135,376,9243,17,4,92,23,1
955,180,3954,image,1200,91,63,367,11643,36,1,57,19,1
956,175,17598,image,4431,116,449,504,18221,47,6,182,2,1
957,178,8895,video,2827,203,448,409,18415,16,9,198,3,1
958,473,14495,video,13623,118,435,1830,115159,53,1,100,0,1
959,451,14751,reel,11379,102,216,774,62752,5,10,102,14,1
960,168,4860,video,105,7,17,21,257,49,5,45,0,0
961,481,19954,image,8801,283,45,2365,59033,26,10,65,22,1
962,384,5899,image,1657,160,214,119,13761,28,5,41,1,1
963,285,5556,image,1610,113,233,292,10748,38,1,45,22,1
964,270,613,reel,476,42,16,49,4105,15,9,55,16,1
965,232,13396,image,6989,420,710,1832,10096,14,3,180,0,1
966,376,5138,reel,1969,35,339,293,16417,40,3,188,0,1
967,239,9549,video,9243,34,1663,1441,73982,20,8,140,20,1
968,337,19491,reel,3365,261,384,204,6592,17,6,72,8,1
969,324,6011,reel,5349,74,393,1256,48903,34,6,81,18,1
970,378,19702,reel,10597,1029,1653,1087,104678,56,8,105,11,1
971,205,11421,image,5661,97,696,705,50029,34,5,60,2,1
972,173,6452,reel,2111,22,91,466,7406,48,9,114,6,1
973,455,5229,reel,2807,65,52,282,26429,46,2,42,15,1
974,485,1680,reel,1057,15,210,276,3441,7,5,65,17,1
975,500,17153,image,15747,445,2329,3155,100747,10,8,115,13,1
976,406,5585,image,3100,157,265,54,15971,22,9,97,0,1
977,363,15643,video,2146,77,283,255,2284,19,8,126,21,1
978,327,14364,reel,7612,518,387,14,29240,24,6,122,6,1
979,317,18850,image,5992,121,471,341,58161,29,1,137,4,1
980,242,13247,reel,10750,793,2116,1882,106877,43,6,112,0,1
981,235,19362,video,10298,593,2016,3078,70238,42,8,161,17,1
982,469,18663,video,4155,43,357,564,32218,43,4,73,7,1
983,247,14397,reel,1607,150,2,351,10592,53,8,69,15,1
984,136,5027,image,4435,330,659,66,42292,42,10,132,7,1
985,382,9456,video,5734,566,1014,1529,8475,39,9,119,19,1
986,131,5153,reel,4183,115,832,626,27929,5,3,44,6,1
987,486,16543,reel,2351,74,336,7,5630,46,3,62,21,1
988,239,7885,reel,5092,47,850,550,39808,57,8,196,21,1
989,229,4086,reel,2197,213,214,111,6733,36,3,98,6,1
990,169,3090,reel,1989,181,306,325,15732,9,7,182,8,1
991,226,568,video,529,45,8,106,3128,50,9,175,15,1
992,437,7232,reel,4060,338,414,904,28440,44,7,82,0,1
993,101,9003,reel,5726,47,980,1788,27107,21,7,38,4,1
994,160,19351,image,14301,1015,1109,70,49659,18,5,120,3,1
995,448,19159,image,3302,161,561,21,9687,59,6,107,6,1
996,351,8139,video,5481,85,23,194,30131,54,3,102,6,1
997,499,9271,video,565,30,2,135,1453,11,5,153,5,0
998,192,18146,image,10120,810,413,1286,35831,5,10,71,20,1
999,133,9584,reel,2815,243,407,145,22373,21,8,167,0,1
1000,480,4068,reel,2739,46,137,164,16916,12,7,146,16,1
